<?xml version="1.0" encoding="UTF-8"?>
<project-private xmlns="http://www.netbeans.org/ns/project-private/1">
    <editor-bookmarks xmlns="http://www.netbeans.org/ns/editor-bookmarks/2" lastBookmarkId="0"/>
    <open-files xmlns="http://www.netbeans.org/ns/projectui-open-files/2">
        <group>
            <file>file:/C:/Users/ps4an/Documents/NetBeansProjects/DAW/AlejandroCanovasGarcia_Examen_FinalOrd1_ParteA/src/alejandrocanovasgarcia_examen_finalord1_partea/Ejercicio01.java</file>
            <file>file:/C:/Users/ps4an/Documents/NetBeansProjects/DAW/AlejandroCanovasGarcia_Examen_FinalOrd1_ParteA/src/alejandrocanovasgarcia_examen_finalord1_partea/Ejercicio02.java</file>
        </group>
    </open-files>
</project-private>
