<?xml version="1.0" encoding="UTF-8"?>
<project-private xmlns="http://www.netbeans.org/ns/project-private/1">
    <editor-bookmarks xmlns="http://www.netbeans.org/ns/editor-bookmarks/2" lastBookmarkId="0"/>
    <open-files xmlns="http://www.netbeans.org/ns/projectui-open-files/2">
        <group>
            <file>file:/C:/Users/ps4an/Documents/NetBeansProjects/DAW/AlejandroCanovas_Examen_POO1/src/alejandrocanovas_examen_poo1/CentroEducativo.java</file>
            <file>file:/C:/Users/ps4an/Documents/NetBeansProjects/DAW/AlejandroCanovas_Examen_POO1/src/alejandrocanovas_examen_poo1/Grupo.java</file>
            <file>file:/C:/Users/ps4an/Documents/NetBeansProjects/DAW/AlejandroCanovas_Examen_POO1/src/alejandrocanovas_examen_poo1/examen.java</file>
            <file>file:/C:/Users/ps4an/Documents/NetBeansProjects/DAW/AlejandroCanovas_Examen_POO1/src/alejandrocanovas_examen_poo1/Alumno.java</file>
        </group>
    </open-files>
</project-private>
